Date,Glyphe,Chiffre,Glyphe+Chiffre,Couleur,Note,date_iso,lune_distance_km,lune_proximite,lune_illumination_pct,lune_phase_nom,lune_signe,soleil_distance_ua,mercure_distance_ua,vénus_distance_ua,mars_distance_ua,jupiter_distance_ua,saturne_distance_ua,planete_proche_1,planete_proche_2,planete_proche_3,planete_proche_1_dist_ua,planete_proche_2_dist_ua,planete_proche_3_dist_ua,mercure_retrograde,venus_retrograde,mars_retrograde,saturne_retrograde,jupiter_retrograde,retrogrades_actifs,kp_moy,kp_max,kp_alerte,meteo_temp_max_c,meteo_temp_min_c,meteo_precipitations_mm,meteo_vent_max_kmh,meteo_pression_hpa,meteo_code_wmo,meteo_orage,score,theme_jungien,f107,ssn,flares_c,flares_m,flares_x,flares_mx,flares_total,soleil_ua,f107_cat,ssn_cat
08/05/2025,Imix,Hun,Imix Hun,#FFFF99,Mise en ligne de mon app. Une belle journée. Débroussaillage l'aprem et finitions de l'app pour ce nouveau jour d'ouverture du tzoklin. Un nouveau Tzolk'in commence et l'app est prête,2025-05-08,403613.0,6.1,84.6,Gibbeuse Croissante,Balance,1.0093,1.1074,0.5127,1.4901,5.9225,10.2155,Vénus,Soleil,Mercure,0.5127,1.0093,1.1074,False,False,False,False,False,Aucun,2.25,3.67,Légèrement actif,17.2,7.7,0.1,14.5,989.4,51,False,4,Soi,149,84,9,0,0,0,9,1.0093,Modéré (120-150),Modéré (50-100)
09/05/2025,Ik,Ca,Ik Ca,#FFFF99,Vautour solitaire de ma retraite. Pardon avec Rita pendant débroussaillage. Esséniens. Grand groupe de vautours très proche pour accueillir les Esséniens et escargot accroché à ma manche. Une belle journée,2025-05-09,405307.0,2.8,90.8,Gibbeuse Croissante,Balance,1.0095,1.1225,0.5203,1.4992,5.9318,10.2028,Vénus,Soleil,Mercure,0.5203,1.0095,1.1225,False,False,False,False,False,Aucun,2.83,4.67,Actif,18.0,8.4,0.2,12.1,992.0,51,False,5,Soi,136,77,7,0,0,0,7,1.0095,Modéré (120-150),Modéré (50-100)
10/05/2025,Akbal,Ox,Akbal Ox,#CCFFCC,"Acceptation C'est une constante toutes les nuits les choses se mettent à mal marcher ! Bizarre. Il faut que j'aille dormir. Tout à l'heure célébrations Esséniennes ! Allez bonne nuit !!! Aujourd'hui, cérémonie de Beltane avec les Esséniens. Belle journée. Platon a pris le bébé (sexuellement) les animaux nous ont accompagnés. Surtout les lamas. La pluie s'est arrêtée pile poil pendant la cérémonie. Accident : je me suis fait mal au dos en portant une grosse pierre pour faire le menhir de la cérémonie",2025-05-10,406137.0,1.1,95.5,Gibbeuse Croissante,Balance,1.0097,1.1374,0.528,1.5082,5.941,10.1899,Vénus,Soleil,Mercure,0.528,1.0097,1.1374,False,False,False,False,False,Aucun,2.25,4.67,Actif,20.6,10.1,0.0,16.6,994.6,3,False,2,Ombre,134,70,7,0,0,0,7,1.0097,Modéré (120-150),Modéré (50-100)
11/05/2025,Kan,Can,Kan Can,#99CCFF,"Drôle de journée. Hélia a fait son BRC, elle est entrée dans la Nation Essénienne. Grosse fatigue, mais plaisir d'être ensemble et vrais beaux moments de partage avec cette belle bande d'humains. Il faut qu'on travaille avec Hopper pour le mettre sur le chemin de lui-même. Il est trop pris par ses peurs, ses empêchements et dans son tempérament de bébé qui l'oblige à vouloir attirer l'attention coûte que coûte.",2025-05-11,406188.0,1.0,98.6,Pleine Lune,Scorpion,1.01,1.1522,0.5357,1.5172,5.9499,10.1768,Vénus,Soleil,Mercure,0.5357,1.01,1.1522,False,False,False,False,False,Aucun,2.75,4.67,Actif,20.8,11.4,0.3,20.3,990.9,51,False,1,Persona,126,77,16,1,0,1,17,1.01,Modéré (120-150),Modéré (50-100)
12/05/2025,Chicchan,Ho,Chicchan Ho,#CCFFCC,"Gaël est venu manger avec nous. Une belle personne. Je profite de ce dernier jour Chicchan pour finaliser l'app. Encore des bugs, mais ça va s'arranger. A 18h23, je pense que la version est bien. ne me reste plus qu'à faire la page de fonctionnement",2025-05-12,405539.0,2.3,99.9,Pleine Lune,Scorpion,1.0102,1.1667,0.5434,1.5262,5.9587,10.1636,Vénus,Soleil,Mercure,0.5434,1.0102,1.1667,False,False,False,False,False,Aucun,1.5,2.0,Légèrement actif,20.8,9.9,3.3,16.0,990.5,63,False,3,Persona,116,64,9,0,0,0,9,1.0102,Faible (<120),Modéré (50-100)
13/05/2025,Cimi,Wak,Cimi Wak,#CCFFCC,"l'App est finie. Il est 3:00 du mat. J'ai trois heures de retard, mais je suis content. J'ai détruit le site aujourd'hui jour de la mort. En supprimant des caches que je croyais obsolètes. Du coup, ni l'app, ni le site ne marchent plus.",2025-05-13,404253.0,4.9,99.5,Pleine Lune,Sagittaire,1.0104,1.181,0.5512,1.5351,5.9673,10.1502,Vénus,Soleil,Mercure,0.5512,1.0104,1.181,False,False,False,False,False,Aucun,1.96,3.67,Légèrement actif,21.0,10.4,0.6,10.0,992.6,51,False,2,Ombre,117,54,2,0,1,1,3,1.0104,Faible (<120),Modéré (50-100)
14/05/2025,Manik,Uuc,Manik Uuc,#99FF99,"Un peu la trouille de mon départ tout à l'heure et de la responsabilité des concerts de cette semaine. Le site est revenu et l'app aussi. Une coccinelle jaune s'est posée sur ma main pendant que je buvais mon café dehors profitant du soleil. Moment de contemplation, rare ces derniers jours.",2025-05-14,402364.0,8.6,97.2,Pleine Lune,Sagittaire,1.0106,1.1949,0.559,1.5441,5.9758,10.1367,Vénus,Soleil,Mercure,0.559,1.0106,1.1949,False,False,False,False,False,Aucun,2.88,3.67,Légèrement actif,21.8,8.7,3.0,11.1,993.8,61,False,-1,Héros,122,53,6,4,1,5,11,1.0106,Modéré (120-150),Modéré (50-100)
15/05/2025,Lamat,Waxak,Lamat Waxak,#FFCC99,"Ce matin au réveil le corps est plein de douleurs. Le dos depuis samedi et là le genou reprend.... A chaque fois que je suis à Paris (pas la dernière fois, mais la fois d'avant). Julie a été ajoutée au Tzolkin ce matin. Arrivée de Philippe à l'appartement jusqu'à mardi",2025-05-15,399883.0,13.6,93.1,Gibbeuse Croissante,Sagittaire,1.0109,1.2086,0.5669,1.5529,5.984,10.123,Vénus,Soleil,Mercure,0.5669,1.0109,1.2086,False,False,False,False,False,Aucun,2.67,3.67,Légèrement actif,24.9,11.8,0.0,18.6,988.6,2,False,1,Corps,119,45,9,1,0,1,10,1.0109,Faible (<120),Faible (<50)
16/05/2025,Muluc,Bolon,Muluc Bolon,#FFFF99,Fatigue venant du mois de création d'appli. Mais le morale est bon et le ciel est ensoleillé. Ambiance vacances et l'impression d'être reconnu pour mon travail. Agréable,2025-05-16,396807.0,19.7,87.2,Gibbeuse Croissante,Capricorne,1.0111,1.2217,0.5747,1.5618,5.9921,10.1092,Vénus,Soleil,Mercure,0.5747,1.0111,1.2217,False,False,False,False,False,Aucun,2.33,3.67,Légèrement actif,21.0,11.4,0.8,15.1,989.4,51,False,3,Persona,117,57,6,0,0,0,6,1.0111,Faible (<120),Modéré (50-100)
17/05/2025,Oc,Lahun,Oc Lahun,#FF9999,Grosse fatigue. Une journée de dingues ! Mal au dos. Vraiment.,2025-05-17,393135.0,27.0,79.8,Gibbeuse Croissante,Capricorne,1.0113,1.2345,0.5826,1.5706,6.0,10.0953,Vénus,Soleil,Mercure,0.5826,1.0113,1.2345,False,False,False,False,False,Aucun,4.37,6.33,Tempête modérée (G2),21.6,8.8,0.1,13.6,992.1,51,False,-4,Corps,117,58,1,0,0,0,1,1.0113,Faible (<120),Modéré (50-100)
18/05/2025,Chuen,Buluc,Chuen Buluc,#FFFF99,"Une belle journée avec deux rendez-vous super. A midi avec William et ce soir avec Philippe. Deux restos bons, du soleil,,de belles discussions, du plaisir. Une grande marche sur les quais du canal Saint-Martin. Un beau dimanche !",2025-05-18,388892.0,35.5,71.0,Gibbeuse Croissante,Verseau,1.0115,1.2467,0.5905,1.5794,6.0078,10.0812,Vénus,Soleil,Mercure,0.5905,1.0115,1.2467,False,False,False,False,False,Aucun,3.46,4.67,Actif,23.1,10.9,0.0,14.1,994.2,3,False,4,Puer,118,53,2,0,0,0,2,1.0115,Faible (<120),Modéré (50-100)
27/05/2025,Ahau,Uuc,Ahau Uuc,#FFFF99,"Arrêt des enregistrements dû au massacre de l'App qui a duré du 19 à ce jour. Du coup pas de mots, mais une belle semaine de travail intense, riche vraiment en échanges variés, profonds. L'impression d'avoir été vraiment à ma place. En particulier avec Matéo, Hélia, Jean, Michèle. Un moment où la fatigue était profonde mais où j'étais du coup proche d'un état d'éveil. On peut dire que la trécéna de Ix est peut-être à remarquer.
REMISE DES ALLIANCES !!!!
Merveilleuse nouvelle du jour, les abeilles qui étaient présentes depuis autour du 28 avril sont en fait installées. On les a vues rentrer du pollen",2025-05-27,360776.0,91.5,0.2,Nouvelle Lune,Gémeaux,1.0132,1.3186,0.6622,1.6571,6.069,9.9488,Vénus,Soleil,Mercure,0.6622,1.0132,1.3186,False,False,False,False,False,Aucun,2.71,4.33,Actif,25.1,14.8,0.0,23.4,997.1,2,False,5,Soi,137,116,6,0,0,0,6,1.0132,Modéré (120-150),Élevé (100-150)
30/05/2025,Akbal,Lahun,Akbal Lahun,#FFFF99,Oc se blesse encore plusieurs fois. Il y a une altercation avec lui où nous le grondons fort. Rita nous envoie un message nous demandant d'enlever tout ce qui est à nous de chez elle. Elle ne veut plus rien avoir à faire avec le Parédé. Skandre et Erik et Amélie viennent manger le soir. Super moment avec Erik. Skandre ne semble pas aller très bien. Je finis le texte sur la célébration de la Colombe de la Paix,2025-05-30,374423.0,64.3,14.9,Croissant Croissant,Cancer,1.0137,1.3213,0.6863,1.6824,6.086,9.9026,Vénus,Soleil,Mercure,0.6863,1.0137,1.3213,False,False,False,False,False,Aucun,4.08,4.67,Actif,31.0,16.4,0.0,10.6,998.4,0,False,2,Ombre,157,107,8,3,0,3,11,1.0137,Élevé (150-200),Élevé (100-150)
06/06/2025,Oc,Can,Oc Can,#FFFF99,"Jour Oc pour moi et Lina. Superbe journée pour les masters de percussion. Avec le passage de Valentin et de Gabriel. Un moment vraiment fort dans mon travail. Une très belle journée, intense où j'ai le sentiment d'avoir été vraiment à ma place",2025-06-06,405093.0,3.2,79.7,Gibbeuse Croissante,Balance,1.0147,1.2784,0.7425,1.7399,6.1188,9.7919,Vénus,Soleil,Mercure,0.7425,1.0147,1.2784,False,False,False,False,False,Aucun,1.83,2.33,Légèrement actif,26.4,14.2,0.0,13.1,996.2,3,False,5,Soi,128,76,13,0,0,0,13,1.0147,Modéré (120-150),Modéré (50-100)
09/06/2025,Ben,Uuc,Ben Uuc,#FFFF99,"Grand moment pour cette cérémonie de la Colombe de la Paix avec Olivier, Jean, Claire et Galiléo. J'ai tiré la vertu de la Protection avec l'archange Michael. Julie et Hélia ont participé de loin. Une très belle cérémonie. Un ancrage encore plus profond de cette cérémonie au Parédé",2025-06-09,403811.0,5.8,96.7,Gibbeuse Croissante,Scorpion,1.0151,1.2422,0.7666,1.7639,6.13,9.7434,Vénus,Soleil,Mercure,0.7666,1.0151,1.2422,False,False,False,False,False,Aucun,2.88,4.0,Actif,29.1,14.0,0.0,17.2,996.7,0,False,4,Soi,120,82,3,0,0,0,3,1.0151,Faible (<120),Modéré (50-100)
13/06/2025,Caban,Buluc,Caban Buluc,#FFFF99,Israël frappe l'Iran... Début du festival d'Aix après cinq ans d'arrêt.,2025-06-13,393323.0,26.6,95.5,Gibbeuse Croissante,Capricorne,1.0155,1.1832,0.7986,1.7954,6.1421,9.678,Vénus,Soleil,Mercure,0.7986,1.0155,1.1832,False,False,False,False,False,Aucun,5.62,6.67,Tempête modérée (G2),30.7,16.5,0.0,12.0,998.2,3,False,2,Persona,143,134,5,1,0,1,6,1.0155,Modéré (120-150),Élevé (100-150)
14/06/2025,Etznab,Lahca,Etznab Lahca,#CCFFCC,"Anniversaire de Bertrand Schacre. Il m'a partagé l'histoire du suicide d'Anne, sa moitié avec laquelle il n'a pas réussi à se mettre. Elle était beaucoup plus jeune que lui. Très fort moment hier soir avec lui. La vertu de protection à l'œuvre que je comprends un peu mieux chaque jour
Prise de conscience qu'il faut absolument dire et faire ce qui nous est demandé dans les temps. Là, l'histoire de Bertrand a été une vraie piqûre de rappel. Être à la hauteur de son pouvoir. Du coup, j'ai demandé pardon à Aydé et lui ai proposé le remboursement de l'appareil photo qu'elle m'avait offert pour mes 18 ans",2025-06-14,389893.0,33.5,90.3,Gibbeuse Croissante,Capricorne,1.0156,1.1671,0.8066,1.8031,6.1446,9.6615,Vénus,Soleil,Mercure,0.8066,1.0156,1.1671,False,False,False,False,False,Aucun,3.38,5.33,Tempête mineure (G1),32.8,17.9,0.0,13.2,998.5,3,False,1,Ombre,151,136,13,2,0,2,15,1.0156,Élevé (150-200),Élevé (100-150)
17/06/2025,Imix,Ca,Imix Ca,#FFFF99,Belle soirée de discussion avec Marguerite mon binôme au GTP . Drôle de journée. L'impression d'avoir tapé à côté avec mon rubato et d'avoir jeté un froid. Par contre grande proximité avec Margot et confirmation de la venue de Rose la semaine prochaine. Je devais voir Elisabeth ce soir qui a annulé. Trop fatiguée. Galiléo a fait sa danse avec Elsa et ça me réjouit,2025-06-17,378557.0,56.1,64.7,Gibbeuse Croissante,Poissons,1.0159,1.1169,0.8305,1.8262,6.1511,9.6119,Vénus,Soleil,Mercure,0.8305,1.0159,1.1169,False,False,False,False,False,Aucun,2.0,2.33,Légèrement actif,28.9,17.5,0.0,14.6,997.8,1,False,2,Anima,139,97,6,1,1,2,8,1.0159,Modéré (120-150),Modéré (50-100)
19/06/2025,Akbal,Can,Akbal Can,#FFFF99,"Dingue. Une journée à marquer du sceau de la réussite familiale. Lina trouvé son appart, Hélia est prise à Ellipse et est prete pour son exam, Claire a ajouté à notre collection des sculptures de Marie et du Christ faites par un sculpteur fameux de Lourdes (qui est mort maintenant) et moi j'ai passé une belle journée où mes talents d'ecrivaillon public ont été reconnu et amènent dans la matière du légendaire. C'est assez génial. Merci Père pour ces cadeaux",2025-06-19,370965.0,71.2,42.6,Croissant Croissant,Bélier,1.0161,1.0825,0.8464,1.8413,6.1544,9.5788,Vénus,Soleil,Mercure,0.8464,1.0161,1.0825,False,False,False,False,False,Aucun,2.08,4.33,Actif,32.0,17.0,0.0,13.6,998.0,2,False,5,Grande Mère,136,113,9,0,1,1,10,1.0161,Modéré (120-150),Élevé (100-150)
21/06/2025,Chicchan,Wak,Chicchan Wak,#99CCFF,"Claire et Galiléo me manquent aujourd'hui. J'aurais vraiment aimé le voir danser demain. Guerre entre Iran et Israel, cette nuit lest États Unis ont frappés l'Iran",2025-06-21,365102.0,82.9,21.2,Croissant Croissant,Taureau,1.0162,1.0477,0.8622,1.8563,6.1569,9.5455,Vénus,Soleil,Mercure,0.8622,1.0162,1.0477,False,False,False,False,False,Aucun,2.17,3.33,Légèrement actif,33.1,19.5,0.0,11.1,996.8,2,False,-2,Anima,120,87,1,0,0,0,1,1.0162,Faible (<120),Modéré (50-100)
23/06/2025,Manik,Waxak,Manik Waxak,#CCFFCC,"Une belle journée avec l'arrivée de Rose, Mathieu pour l'anniversaire de Nanie. Elle a 79 ans. Accomplissement pour Lina qui a eu son appart avec son homme. J'ai fabriqué cette nuit des outils pour la régie d'orchestre qui sont super. Belle énergie. Heureusement d'apprendre ce boulot à Rose et Mathieu qui sont venus passer une heure au GTP pour apprendre un peu la Régie d'Orchestre. Je suis très content du cadeau trouvé pour ma mère. Boucles et collier faits par deux artisanes qui bossent sur la mosaïque",2025-06-23,363210.0,86.6,5.6,Croissant Croissant,Gémeaux,1.0164,1.0128,0.8779,1.8711,6.1586,9.5122,Vénus,Mercure,Soleil,0.8779,1.0128,1.0164,False,False,False,False,False,Aucun,1.46,2.67,Légèrement actif,31.8,18.0,0.0,11.1,996.7,3,False,4,Grande Mère,122,105,7,0,0,0,7,1.0164,Modéré (120-150),Élevé (100-150)
24/06/2025,Lamat,Bolon,Lamat Bolon,#FFFF99,Rose bosse avec nous pour trois jours.Matjieu est avec nous ce matin puis file à Toulouse. C'est vraiment sympa. Hélia a aidé son pote Lounis pour son voyage au Canada et on est dans le même schéma que Lina avec le Pérou. Ils ont accompagné dans la mort un faon. Galiléo fait des oeuvres incroyables avec des marionnettes de dragon. Belle journee,2025-06-24,364312.0,84.4,1.4,Nouvelle Lune,Gémeaux,1.0164,0.9954,0.8857,1.8784,6.1591,9.4956,Vénus,Mercure,Soleil,0.8857,0.9954,1.0164,False,False,False,False,False,Aucun,1.83,2.67,Légèrement actif,35.8,20.8,0.0,19.2,994.1,3,False,4,Soi,120,87,7,0,0,0,7,1.0164,Faible (<120),Modéré (50-100)
26/06/2025,Oc,Buluc,Oc Buluc,#CCFFCC,Une belle journée de fin de stage pour Rose. Entrée en fosse de l'orchestre et tous les copains du festival étaient là. On a bien rigolé. On a été au resto avec Nanie et Jean Louis. Une belle journée de clôture avec des cadeaux de Rose qui porteront leurs fruits.,2025-06-26,370681.0,71.8,1.4,Nouvelle Lune,Cancer,1.0165,0.9609,0.9014,1.8929,6.1596,9.4624,Vénus,Mercure,Soleil,0.9014,0.9609,1.0165,False,False,False,False,False,Aucun,4.04,5.33,Tempête mineure (G1),33.3,20.8,0.0,12.9,995.6,3,False,3,Persona,117,91,3,0,0,0,3,1.0165,Faible (<120),Modéré (50-100)
27/06/2025,Chuen,Lahca,Chuen Lahca,#FF9999,Un peu tendu aujourd'hui. Départ de Rose ce matin qui m'impose d'aller au boulot une hure plus tôt. Lina me demande de faire bosser son mec que je ne connais pas et je ne le sens pas du tout. Il va donc me falloir le lui dire. Eu Claire au tel et on a parlé d'être capable de prendre le lead sur le spirituel sans attendre que d'autres nous adoubent et du coup récupèrent notre autorité. On parle des Esséniens et de la Ronde des Archanges avec le départ de Florent le seul vraiment dans l'axe des Esséniens.,2025-06-27,375514.0,62.1,5.4,Croissant Croissant,Lion,1.0165,0.9439,0.9091,1.9001,6.1595,9.4458,Vénus,Mercure,Soleil,0.9091,0.9439,1.0165,False,False,False,False,False,Aucun,3.25,5.0,Tempête mineure (G1),35.0,21.3,0.0,16.7,997.5,3,False,-2,Ombre,118,111,3,0,0,0,3,1.0165,Faible (<120),Élevé (100-150)
28/06/2025,Eb,Oxlahun,Eb Oxlahun,#FFFF99,Point de bascule. Margot écrit le rubato rigolo et moi le sérieux. Elle va venir passer ses vacances à la maison. J'ai hâte qu'elle rencontre Claire.,2025-06-28,380957.0,51.3,11.4,Croissant Croissant,Lion,1.0166,0.9269,0.9169,1.9072,6.1593,9.4292,Vénus,Mercure,Soleil,0.9169,0.9269,1.0166,False,False,False,False,False,Aucun,2.08,3.33,Légèrement actif,35.4,20.4,0.0,12.6,999.3,0,False,4,Anima,122,103,2,0,0,0,2,1.0166,Modéré (120-150),Élevé (100-150)
29/06/2025,Ben,Hun,Ben Hun,#FFFF99,"Super journée. Lavage de voiture, rasage, coupage d'ongles. Puis visite chez François avec piscine et jeux de boules avec les copains. Belle discussion avec Hélia au tel. Et fin de week end stage Claire, Galiléo et Hélia. Hélia voit de mieux en mieux ses fuites et ses refuges. Puis soirée discussion avec Jean-Louis et maman",2025-06-29,386568.0,40.1,19.0,Croissant Croissant,Lion,1.0166,0.9101,0.9246,1.9143,6.1588,9.4127,Mercure,Vénus,Soleil,0.9101,0.9246,1.0166,False,False,False,False,False,Aucun,1.83,2.33,Légèrement actif,35.5,21.8,0.0,17.0,998.1,0,False,4,Soi,128,151,2,0,0,0,2,1.0166,Modéré (120-150),Très élevé (>150)
30/06/2025,Ix,Ca,Ix Ca,#CCFFCC,Fatigué. Margot semble tendue et moi peut-être trop détendu ? En attendant ça y est on a le rendez-vous pour l'adoption d'Hélia. Tombant juste après notre discussion d'hier qui était très riche. C'est un moment Hélia,2025-06-30,391915.0,29.5,27.7,Croissant Croissant,Vierge,1.0166,0.8935,0.9324,1.9213,6.1582,9.3961,Mercure,Vénus,Soleil,0.8935,0.9324,1.0166,False,False,False,False,False,Aucun,2.46,3.0,Légèrement actif,35.0,21.1,0.0,11.2,995.5,2,False,2,Grande Mère,128,158,7,0,0,0,7,1.0166,Modéré (120-150),Très élevé (>150)
01/07/2025,Men,Ox,Men Ox,#99CCFF,"Coeur ouvert. Besoin de dire mon amour à François et Romu. Conversation difficile avec Claire qui a reproduit avec Hélia le cadre du viol en ce week-end de stage. Fatigué, mais bien. Hélia a eu son BTS. Beaucoup écouté de musique et contemplé... Le motif du jour",2025-07-01,396619.0,20.1,37.0,Croissant Croissant,Vierge,1.0166,0.877,0.9401,1.9283,6.1573,9.3797,Mercure,Vénus,Soleil,0.877,0.9401,1.0166,False,False,False,False,False,Aucun,1.29,3.33,Légèrement actif,36.8,22.0,0.0,15.1,994.1,3,False,-1,Ombre,126,144,1,0,0,0,1,1.0166,Modéré (120-150),Élevé (100-150)
06/07/2025,Ahau,Waxak,Ahau Waxak,#FFFF99,Drôle de journée. Plein d'accidents bizarre. On dirait une journée Eznab,2025-07-06,403624.0,6.1,82.0,Gibbeuse Croissante,Scorpion,1.0166,0.7981,0.9783,1.9626,6.15,9.2979,Mercure,Vénus,Soleil,0.7981,0.9783,1.0166,False,False,False,False,False,Aucun,3.46,5.0,Tempête mineure (G1),32.8,21.7,0.6,25.3,990.9,53,False,2,Soi,118,81,3,0,0,0,3,1.0166,Faible (<120),Modéré (50-100)
07/07/2025,Imix,Bolon,Imix Bolon,#FFFF99,Super bien dormi.,2025-07-07,401684.0,10.0,88.8,Gibbeuse Croissante,Sagittaire,1.0166,0.7831,0.9858,1.9693,6.148,9.2817,Mercure,Vénus,Soleil,0.7831,0.9858,1.0166,False,False,False,False,False,Aucun,3.33,5.0,Tempête mineure (G1),27.8,17.8,0.0,28.0,988.2,1,False,3,Corps,118,96,9,0,0,0,9,1.0166,Faible (<120),Modéré (50-100)
08/07/2025,Ik,Lahun,Ik Lahun,#99CCFF,"Super bien dormi. Deuxième jour où j'ai retrouvé mon sommeil. Levé 12:30. Plus de huit heures de sommeil. Il fait plus frais ? C'est dans les astres ? Le tzolkin ?

Ce soir, bien blessé. Par Marguerite. Je pensais avoir trouvé en elle une première complice d'une nouvelle ère dans le travail où je pourrais avoir la profondeur qui est la mienne sans devoir jouer le fou et finalement, nous sommes toujours au même endroit. Et cette armure que j'ai pu laisser quelques semaines je sens que je la remets. Réflexe de survie d'un petit homme si sensible.",2025-07-08,398976.0,15.4,94.2,Gibbeuse Croissante,Sagittaire,1.0166,0.7684,0.9934,1.9759,6.1457,9.2656,Mercure,Vénus,Soleil,0.7684,0.9934,1.0166,False,False,False,False,False,Aucun,2.54,3.33,Légèrement actif,25.1,16.9,0.0,33.9,991.3,1,False,-2,Ombre,115,88,4,1,0,1,5,1.0166,Faible (<120),Modéré (50-100)
09/07/2025,Akbal,Buluc,Akbal Buluc,#99CCFF,"Toujours fâché. Envie de lui faire du mal. Qu'elle souffre en retour. A analyser. Pourquoi ? Pourquoi suis-je tant touché ? En quoi ce profil rigide me touche tant et comment je peux être assez dingue pour croire qu'ici comme avec Élise il y a moyen de traverser. Qu'est-ce que ça raconte de moi. D'une couche profonde de ma personnalité ?

Une nouvelle scène écrite... Retrouver Fred et Elise pour bosser le théâtre. Soirée sympa avec discussions vives avec Nath et Fred. Un moment précieux",2025-07-09,395733.0,21.8,98.0,Pleine Lune,Capricorne,1.0166,0.754,1.0009,1.9825,6.1433,9.2496,Mercure,Vénus,Soleil,0.754,1.0009,1.0166,False,False,False,False,False,Aucun,1.71,2.67,Légèrement actif,28.5,15.1,0.0,18.9,994.8,0,False,-3,Ombre,120,83,3,1,0,1,4,1.0166,Faible (<120),Modéré (50-100)
15/07/2025,Muluc,Can,Muluc Can,#FFFF99,"Jour de belles dépenses. Billets pour l'Opéra pour Claire et Galiléo, son et lumière pour la famille complète (sauf nanie) et normalement récupération de ma ceinture et peut-être très achat d'un éventail pour Luca... La journée à 600 euros quoi ! Jour où ma mère reçoit son nouvel ordi et va donc me donner son ancien (bien plus récent que le mien et qui coûte autour de 2500 euros)",2025-07-15,375793.0,61.6,77.4,Gibbeuse Croissante,Poissons,1.0164,0.6759,1.0455,2.0211,6.1245,9.155,Mercure,Soleil,Vénus,0.6759,1.0164,1.0455,False,False,False,True,False,Saturne,3.12,4.67,Actif,33.5,20.1,0.0,17.2,996.5,1,False,4,Grande Mère,139,146,2,0,0,0,2,1.0164,Modéré (120-150),Élevé (100-150)
17/07/2025,Chuen,Wak,Chuen Wak,#FFFF99,"Pire journée du festival. Le moral est bon, mais le concert et l'équipe accueillie est horrible. Lionel doit complètement retoucher le piano. Margot est absente. Beurk !",2025-07-17,371274.0,70.6,56.5,Gibbeuse Croissante,Bélier,1.0163,0.6538,1.0602,2.0336,6.1167,9.1242,Mercure,Soleil,Vénus,0.6538,1.0163,1.0602,False,False,False,True,False,Saturne,3.29,4.0,Actif,33.0,23.2,0.0,27.1,991.0,0,False,1,Persona,156,178,3,0,0,0,3,1.0163,Élevé (150-200),Très élevé (>150)
18/07/2025,Eb,Uuc,Eb Uuc,#FFFF99,"Journée de fin de Don Giovanni. J'ai réussi à offrir ma bite en bois à Sir Simon Rattle. Et ça l'a fait bien marrer. Il l'a même montrée à Robert Icke. Mais il y a eu ce jour de la trécéna cimi des accidents... Des petites morts : pas possible de partir en tournée en septembre avec la Radio, la voiture à la maison est morte, rupture de courroie de transmission et moteur explosé. Feu à Martigues. Interdiction de donner ma bite à Rattle (j'ai forcé pour le faire) et départ de l'orchestre très émouvant. Une vraie perte. Une vraie fin.",2025-07-18,369619.0,73.9,45.0,Croissant Croissant,Taureau,1.0162,0.6436,1.0675,2.0397,6.1125,9.109,Mercure,Soleil,Vénus,0.6436,1.0162,1.0675,True,False,False,True,False,"Mercure, Saturne",2.21,4.0,Actif,33.3,19.5,0.0,15.3,990.3,3,False,2,Ombre,156,167,7,0,0,0,7,1.0162,Élevé (150-200),Très élevé (>150)
20/07/2025,Ix,Bolon,Ix Bolon,#FFFF99,Arrivée de Claire et de Galiléo. Bien dormi mais peu (5:00). Normalement on va à la piscine avec Margot en plus. Content de retrouver mon amoureuse.,2025-07-20,368017.0,77.1,23.2,Croissant Croissant,Gémeaux,1.0161,0.6253,1.082,2.0519,6.1036,9.0789,Mercure,Soleil,Vénus,0.6253,1.0161,1.082,True,False,False,True,False,"Mercure, Saturne",1.21,1.67,Calme,29.9,20.0,1.1,15.5,986.7,51,False,5,Anima,150,139,9,0,0,0,9,1.0161,Modéré (120-150),Élevé (100-150)
28/07/2025,Ik,Can,Ik Can,#CCFFCC,Premier rendez-vous adoption Hélia. Avec le notaire.,2025-07-28,392986.0,27.3,14.4,Croissant Croissant,Vierge,1.0154,0.5877,1.1386,2.0986,6.0601,8.9637,Mercure,Soleil,Vénus,0.5877,1.0154,1.1386,True,False,False,True,False,"Mercure, Saturne",1.37,2.33,Légèrement actif,25.3,17.9,0.0,35.2,990.0,1,False,3,Grande Mère,145,134,1,0,0,0,1,1.0154,Modéré (120-150),Élevé (100-150)
03/08/2025,Lamat,Lahun,Lamat Lahun,#FFFF99,Anniversaire. Week-end avec Céline et Julien des Esséniens. Hélia et Cédric étaient là. Oc ramène un hérisson. C'est le premier que je vois ici depuis que je suis arrivé et que nous n'avons pas ramené d'une rencontre sur la route en bas. C'est pour moi une immense nouvelle. Claire m'offre un Christ berger. J'ai 51 ans.,2025-08-03,402588.0,8.2,68.0,Gibbeuse Croissante,Sagittaire,1.0146,0.61,1.1797,2.1315,6.0196,8.8839,Mercure,Soleil,Vénus,0.61,1.0146,1.1797,True,False,False,True,False,"Mercure, Saturne",1.92,4.0,Actif,28.9,16.5,0.0,23.8,993.7,3,False,5,Soi,146,118,18,1,0,1,19,1.0146,Modéré (120-150),Élevé (100-150)
06/08/2025,Chuen,Oxlahun,Chuen Oxlahun,#FF9999,"Plusieurs évènements désagréables. Un chantier sous le soleil où tout le monde veut travailler alors que les conditions sont suffocantes. Claire n'écoute pas, Hélia non plus. Mais le retour de bâton est direct et Claire comprend. Hélia se braque et choisit toujours le mauvais côté. Le chien attaque les lamas et je me dis qu'il va devoir partir. Carole fume un pétard ici devant Galiléo et entraînant Cédric dans se connerie...",2025-08-06,392543.0,28.2,91.0,Gibbeuse Croissante,Capricorne,1.0142,0.6405,1.1998,2.1472,5.9969,8.8464,Mercure,Soleil,Vénus,0.6405,1.0142,1.1998,True,False,False,True,False,"Mercure, Saturne",1.5,2.67,Légèrement actif,29.8,18.0,0.0,13.0,996.4,3,False,-3,Ombre,158,154,17,1,0,1,18,1.0142,Élevé (150-200),Très élevé (>150)
07/08/2025,Eb,Hun,Eb Hun,#CCFFCC,"Fin de chantier. Une piqûre à 16:00 à la langue (guêpe) et le soir par une abeille au pied.
Grosse diarrhée purgatoire.
A mon avis vrai fin d'un cycle...",2025-08-07,388116.0,37.0,96.0,Gibbeuse Croissante,Capricorne,1.014,0.6536,1.2064,2.1524,5.989,8.8343,Mercure,Soleil,Vénus,0.6536,1.014,1.2064,True,False,False,True,False,"Mercure, Saturne",0.71,1.0,Calme,30.2,16.5,0.0,14.1,997.5,1,False,2,Soi,151,150,5,2,0,2,7,1.014,Élevé (150-200),Élevé (100-150)
08/08/2025,Ben,Ca,Ben Ca,#FFFF99,"Ce matin, tour auprès des animaux et après câlin Lilou et Momo, mal au dos très puissant. Musculaire. Grosse sieste. Je sens que c'est le relâchement après tous ces efforts finis après la fin du montage de la seconde serre.",2025-08-08,383684.0,45.8,99.1,Pleine Lune,Verseau,1.0139,0.6682,1.213,2.1575,5.981,8.8224,Mercure,Soleil,Vénus,0.6682,1.0139,1.213,True,False,False,True,False,"Mercure, Saturne",2.83,5.0,Tempête mineure (G1),31.9,17.2,0.0,12.0,998.5,0,False,3,Corps,148,177,10,2,0,2,12,1.0139,Modéré (120-150),Très élevé (>150)
11/08/2025,Cib,Ho,Cib Ho,#CCFFCC,Adoption Hélia devant notaire. Le 11 août à 13:00. Reste deux mois de rétractation si elle veut. Donc envoi au juge le 11 octobre. Aquensis. Toujours mal au dos. Depuis vendredi 8. L'impression de vivre un vrai nettoyage au hammam,2025-08-11,373115.0,66.9,94.5,Gibbeuse Croissante,Poissons,1.0134,0.72,1.2325,2.1724,5.9557,8.788,Mercure,Soleil,Vénus,0.72,1.0134,1.2325,True,False,False,True,False,"Mercure, Saturne",3.08,4.33,Actif,34.9,20.4,0.0,15.3,995.5,3,False,3,Grande Mère,146,157,14,3,0,3,17,1.0134,Modéré (120-150),Très élevé (>150)
13/08/2025,Etznab,Uuc,Etznab Uuc,#CCFFCC,"Accident de Robert. Il tombe de l'échelle, se casse une cervicale, le bassin, le sternum. Départ à l'hôpital. Il est miraculé. Tombé avec la tronçonneuse. Pour moi, il a attendu Claire pour se permettre ce point d'arrêt et d'appel pour amener autour du lui du soin et du soutien.
On lui achète une nouvelle tronçonneuse comme la nôtre",2025-08-13,369804.0,73.5,79.8,Gibbeuse Croissante,Bélier,1.0131,0.7609,1.2454,2.1822,5.938,8.766,Mercure,Soleil,Vénus,0.7609,1.0131,1.2454,False,False,False,True,False,Saturne,2.71,3.33,Légèrement actif,36.5,20.2,0.0,11.1,994.6,3,False,1,Grande Mère,140,157,12,0,0,0,12,1.0131,Modéré (120-150),Très élevé (>150)
16/09/2025,Eb,Ca,Eb Ca,#FFFF99,J'ai croisé la volucelle à la ruche.,2025-09-16,378859.0,55.5,28.2,Croissant Croissant,Cancer,1.0053,1.3923,1.4387,2.3164,5.5447,8.5504,Soleil,Mercure,Vénus,1.0053,1.3923,1.4387,False,False,False,True,False,Saturne,3.17,4.33,Actif,23.9,16.1,0.0,19.7,999.4,3,False,4,Soi,135,130,6,0,0,0,6,1.0053,Modéré (120-150),Élevé (100-150)
18/09/2025,Ix,Can,Ix Can,#CCFFCC,"Départ à Paris. Reprise. Après 15 jours de repos. Mon genou me refait mal juste quelques heures avant le départ. Je me mets contre Elvis et les pieds à la terre et demande à être guéri, rajeuni, dents qui repoussent et je rends mes douleurs à la Terre.",2025-09-18,385851.0,41.5,11.4,Croissant Croissant,Lion,1.0048,1.3969,1.4485,2.3225,5.517,8.548,Soleil,Mercure,Vénus,1.0048,1.3969,1.4485,False,False,False,True,False,Saturne,1.63,2.33,Légèrement actif,27.5,14.6,0.0,8.5,1002.3,3,False,2,Grande Mère,150,119,6,0,0,0,6,1.0048,Modéré (120-150),Élevé (100-150)
19/09/2025,Men,Ho,Men Ho,#FFFF99,"Naissance de Kuzko, Claude, premier fils de Thiya. Les messages affluent. Helia a été contactée par le Japon pour un stage de charpente traditionnelle. Lina pense à moi en regardant le Baron de Münchhausen. Des nouvelles de Mateo. 4e anniv de la mort de Claude.",2025-09-19,389315.0,34.6,5.7,Croissant Croissant,Lion,1.0045,1.3981,1.4533,2.3255,5.503,8.5473,Soleil,Mercure,Vénus,1.0045,1.3981,1.4533,False,False,False,True,False,Saturne,0.29,1.0,Calme,27.6,13.4,0.0,10.7,1003.9,3,False,4,Soi,160,158,4,1,0,1,5,1.0045,Élevé (150-200),Très élevé (>150)
27/09/2025,Akbal,Oxlahun,Akbal Oxlahun,#FFCC99,"Hervé, le compagnon de Evelyne tombé dans les escaliers et se blesse. Sortie d'une discussion houleuse avec moi sur la nature du réel et son indubitabilité. Départ sur la géopolitique et la non possibilité de croire à la ""menace russe"" à mes yeux.",2025-09-27,404969.0,3.4,26.5,Croissant Croissant,Sagittaire,1.0023,1.3853,1.4903,2.3476,5.3879,8.5525,Soleil,Mercure,Vénus,1.0023,1.3853,1.4903,False,False,False,True,False,Saturne,1.17,2.33,Légèrement actif,19.1,8.4,0.1,9.8,997.2,51,False,0,Ombre,164,172,17,3,0,3,20,1.0023,Élevé (150-200),Très élevé (>150)
03/10/2025,Muluc,Wak,Muluc Wak,#FFFF99,"Au réveil en allant aider les abeilles avec les frelons, nous découvrons sous la ruche un papillon sphinx à tête de mort. Première fois que j'en observe un vivant. Galiléo le récupère pour le nourrir et l'accompagner dans sa fin. Une de ses ailes est fatiguée. Je me dis qu'il me faut analyser ses dessins pour voir le message transmis par les anges.",2025-10-03,379036.0,55.1,82.8,Gibbeuse Croissante,Verseau,1.0005,1.3534,1.5162,2.3621,5.2985,8.5692,Soleil,Mercure,Vénus,1.0005,1.3534,1.5162,False,False,False,True,False,Saturne,3.92,5.0,Tempête mineure (G1),20.0,9.3,0.0,11.1,998.4,3,False,5,Soi,170,150,5,2,0,2,7,1.0005,Élevé (150-200),Élevé (100-150)
04/10/2025,Oc,Uuc,Oc Uuc,#FFFF99,Anniversaire de Galiléo. Rose arrive. Belle présence des abeilles. Mort du petit Kuzko Claude Henri né le 19 septembre.... Même pas un mois pour ce petit lama. Nouvelle perte pour Thiya. Les noix commencent à être prêtes,2025-10-04,373063.0,67.0,90.3,Gibbeuse Croissante,Poissons,1.0003,1.3465,1.5203,2.3643,5.2834,8.5731,Soleil,Mercure,Vénus,1.0003,1.3465,1.5203,False,False,False,True,False,Saturne,3.33,4.0,Actif,21.4,9.2,0.0,24.4,994.5,3,False,3,Soi,158,137,11,0,0,0,11,1.0003,Élevé (150-200),Élevé (100-150)
06/10/2025,Eb,Bolon,Eb Bolon,#FFFF99,Rose a plusieurs appels pour le boulot. Trois dans la journée. Nuit bizarre où tout le monde a mal dormi. Cogitation.,2025-10-06,363528.0,86.0,99.3,Pleine Lune,Bélier,0.9997,1.3312,1.5285,2.3687,5.2531,8.5816,Soleil,Mercure,Vénus,0.9997,1.3312,1.5285,False,False,False,True,False,Saturne,1.04,2.0,Légèrement actif,19.5,9.1,0.0,18.6,999.5,2,False,2,Corps,133,136,5,0,0,0,5,0.9997,Modéré (120-150),Élevé (100-150)
07/10/2025,Ben,Lahun,Ben Lahun,#CCFFCC,"Après la mort de Claude Henri, aujourd'hui c'est Ignace qui a disparu.... Drôle de trécéna.
On est allé à la source et l'eau était bloqué par la terre. Le crâne a disparu. Volé ou enterré sous la terre. Vu le texte sur lequel nous sommes tombés, je penche plutôt sur la disparition sous terre. Cérémonie de pardon à Mari, l'arbre mère et cérémonie à la source mais sans Claire et Galiléo, mais avec Rose et Mathieu qui étaient déjà là en 2024. 
On a vu AmenOphis et nous sommes rentrés par la forge. Belle balade. Prise de conscience par Mathieu et Rose qu'ils doivent prendre leur responsabilité pour les cérémonies. C'est comme ça qu'ils ont reçu le texte lu.
Dans la balade, Rose a eu la volucelle qui lui est montée sur sa main. Signe de l'Ange.
Ignace est peut être revenu ce soir... A confirmer demain",2025-10-07,360816.0,91.4,99.9,Pleine Lune,Bélier,0.9994,1.3229,1.5325,2.3708,5.2379,8.5864,Soleil,Mercure,Vénus,0.9994,1.3229,1.5325,False,False,False,True,False,Saturne,2.67,4.0,Actif,20.8,8.0,0.0,8.1,999.6,2,False,1,Ombre,131,109,2,0,0,0,2,0.9994,Modéré (120-150),Élevé (100-150)
08/10/2025,Ix,Buluc,Ix Buluc,#FFFF99,"Belle journée pour l'anniversaire de Rose.❤️
Vu la volucelle à la ruche cet aprem.
Arrivée de Lina et Ali.
Beaucoup de chant, de rires.
Bizarre ce matin l'impression que Claire va me quitter. Que notre histoire ne fait plus sens maintenant qu'elle a tant avancé sur elle.",2025-10-08,359812.0,93.4,97.5,Pleine Lune,Taureau,0.9991,1.3141,1.5365,2.3729,5.2226,8.5914,Soleil,Mercure,Vénus,0.9991,1.3141,1.5365,False,False,False,True,False,Saturne,2.08,3.67,Légèrement actif,21.2,8.4,0.0,8.9,998.0,3,False,2,Ombre,120,67,3,0,0,0,3,0.9991,Faible (<120),Modéré (50-100)
09/10/2025,Men,Lahca,Men Lahca,#FFFF99,"Retour de Ignace. Volucelle qui vole devant moi. Une belle journée d'anniversaire pour l'instant. Avec belle discussion sur le changement et la maîtrise.
Mort de ma box. Du coup j'ai récupéré une vieille box, nettoyée et remise en route. 
Galiléo m'offre une maquette de Notre Dame
Vu le vautour solitaire ... Compagnon de ma retraite. D'ailleurs j'ai un nom lié à lui, mais je ne m'en souviens plus. Il me faudra regarder dans mes cahiers de note de l'Ermitage.",2025-10-09,360533.0,92.0,92.3,Gibbeuse Croissante,Taureau,0.9988,1.305,1.5404,2.3749,5.2073,8.5967,Soleil,Mercure,Vénus,0.9988,1.305,1.5404,False,False,False,True,False,Saturne,1.04,2.0,Légèrement actif,20.1,9.1,0.0,12.2,997.7,3,False,4,Soi,122,87,3,1,0,1,4,0.9988,Modéré (120-150),Modéré (50-100)
10/10/2025,Cib,Oxlahun,Cib Oxlahun,#FFCC99,Bel épisode en gardien de ruche. Ignace m'a fait des chants incroyables. J'ai vu un écureuil qui s'est baladé devant moi pendant un long moment. J'ai pris un bain d'abeilles. La volucelle est venue pendant ce moment là... Quelle puissance le bain d'abeilles !🪰🪰🪰,2025-10-10,362803.0,87.4,84.6,Gibbeuse Croissante,Gémeaux,0.9985,1.2953,1.5443,2.3769,5.192,8.6023,Soleil,Mercure,Vénus,0.9985,1.2953,1.5443,False,False,False,True,False,Saturne,1.92,3.33,Légèrement actif,25.0,10.9,0.0,8.9,1002.9,3,False,5,Soi,121,81,4,0,0,0,4,0.9985,Modéré (120-150),Modéré (50-100)
13/10/2025,Cauac,Ox,Cauac Ox,#FFCC99,Ai été désigné juré n°1 sur la première affaire de tentative de meurtre. L'impression de voir le niveau zéro des histoires de Lina et de Rose. Fin demain. Puis retour pour le second jugement aux assises mercredi. J'ai mis à jour le firmware de la voiture. Crevé.,2025-10-13,375420.0,62.3,53.3,Gibbeuse Croissante,Cancer,0.9977,1.2637,1.5556,2.3826,5.1458,8.6208,Soleil,Mercure,Vénus,0.9977,1.2637,1.5556,False,False,False,True,False,Saturne,3.46,4.67,Actif,22.4,10.4,0.2,8.7,998.5,51,False,0,Héros,141,122,19,3,0,3,22,0.9977,Modéré (120-150),Élevé (100-150)
14/10/2025,Ahau,Can,Ahau Can,#FFCC99,Grosse journée encore. Le jugement est rendu. 12 ans de prison. Je dois signer l'avis en tant que premier juré. Les trois filles m'appellent ou me communiquent ce soir. Fatigué par cette journée. A suivre demain avec un second procès où non....,2025-10-14,380297.0,52.6,42.4,Croissant Croissant,Lion,0.9974,1.2523,1.5593,2.3844,5.1304,8.6275,Soleil,Mercure,Vénus,0.9974,1.2523,1.5593,False,False,False,True,False,Saturne,1.87,2.33,Légèrement actif,22.9,12.6,0.0,12.4,997.6,3,False,0,Héros,154,108,21,3,0,3,24,0.9974,Élevé (150-200),Élevé (100-150)
15/10/2025,Imix,Ho,Imix Ho,#FFCC99,"Croisé le héron ce matin qui n'a pas bougé à mon passage.
Pris pour le second procès aux assises. Comme suppléant n°1. Important.
Le jeune est un chevalier. C'est pour lui que je suis là. Jérémy",2025-10-15,385008.0,43.2,32.1,Croissant Croissant,Lion,0.9971,1.2404,1.5629,2.3862,5.115,8.6345,Soleil,Mercure,Vénus,0.9971,1.2404,1.5629,False,False,False,True,False,Saturne,2.17,3.67,Légèrement actif,20.8,11.4,0.9,7.4,997.1,53,False,2,Héros,162,106,12,5,0,5,17,0.9971,Élevé (150-200),Élevé (100-150)
17/10/2025,Akbal,Uuc,Akbal Uuc,#FFFF99,"Chantier à la source pour retrouver le crâne. C'est chose faite, il était dans la boue. Nous avons curé la zone, les bassins et nettoyé la bonbonne. ",2025-10-17,393315.0,26.7,14.9,Croissant Croissant,Vierge,0.9966,1.2152,1.5701,2.3896,5.0841,8.6493,Soleil,Mercure,Vénus,0.9966,1.2152,1.5701,False,False,False,True,False,Saturne,2.21,3.67,Légèrement actif,20.5,9.0,0.0,9.4,996.4,2,False,4,Héros,164,120,6,6,0,6,12,0.9966,Élevé (150-200),Élevé (100-150)
18/10/2025,Kan,Waxak,Kan Waxak,#FFFF99,Lettre à Jérémy envoyée et partagée en famille. Un beau partage et un acte important. Vu un magnifique papillon. Nous sommes retournés à la source pour améliorer notre installation et c'était nécessaire. ,2025-10-18,396773.0,19.8,8.6,Croissant Croissant,Vierge,0.9963,1.2019,1.5736,2.3912,5.0686,8.6572,Soleil,Mercure,Vénus,0.9963,1.2019,1.5736,False,False,False,True,False,Saturne,4.42,6.33,Tempête modérée (G2),20.5,7.8,0.0,9.1,998.4,1,False,4,Soi,156,105,7,5,0,5,12,0.9963,Élevé (150-200),Élevé (100-150)
20/10/2025,Cimi,Lahun,Cimi Lahun,#FFFF99,"J'ai vu à nouveau l'écureuil devant la ruche. L'eau n'est pas encore revenue mais hier nous avons fait un système qui va vraiment changer les choses à la source 
Lina appelle en larmes. Ali s'est scarifié. Besoin de l'HP à mon sens, je lui dis.",2025-10-20,402221.0,8.9,1.0,Nouvelle Lune,Balance,0.9958,1.1739,1.5805,2.3943,5.0377,8.6736,Soleil,Mercure,Vénus,0.9958,1.1739,1.5805,False,False,False,True,False,Saturne,1.83,2.67,Légèrement actif,16.5,11.6,27.0,21.5,987.9,63,False,1,Grande Mère,140,109,5,1,0,1,6,0.9958,Modéré (120-150),Élevé (100-150)
24/10/2025,Oc,Hun,Oc Hun,#CCFFCC,Hélia en rentrant ce soir trouve une plume devant la porte de l'appartement. Elle croit qu'elle est à moi et donc me la redonne. Je finalise la chanson de Rose après 24 ans. La plume est une plume d'étourneaux sansonnet.,2025-10-24,406371.0,0.7,7.6,Croissant Croissant,Sagittaire,0.9947,1.1122,1.5936,2.4001,4.9761,8.7097,Soleil,Mercure,Vénus,0.9947,1.1122,1.5936,False,False,False,True,False,Saturne,2.25,3.0,Légèrement actif,17.0,8.9,0.0,20.5,992.0,3,False,4,Anima,134,99,7,0,0,0,7,0.9947,Modéré (120-150),Modéré (50-100)
17/11/2025,Ix,Lahca,Ix Lahca,#FFFF99,Je suis allé au temple aujourd'hui. Les abeilles sont sauvées des frelons. Leur vague est finie. Ces trois derniers jours j'ai composé trois chansons pour Claire.,2025-11-17,404296.0,4.8,7.0,Croissant Croissant,Balance,0.9887,0.6855,1.6573,2.4211,4.6268,9.0012,Mercure,Soleil,Vénus,0.6855,0.9887,1.6573,True,False,False,True,True,"Mercure, Saturne, Jupiter",2.13,3.67,Légèrement actif,15.6,6.1,0.0,22.8,987.4,3,False,5,Anima,122,45,12,0,0,0,12,0.9887,Modéré (120-150),Faible (<50)
31/12/2025,Etznab,Can,Etznab Can,#FFFF99,"Nous allons rejoindre Julie et Hugues pour la nouvelle année dans leur nouvelle maison. Claire met le feu à la chaudière. On n'est pas passé loin de l'embrasement de Madeleine. Heureusement, par miracle, le feu s'est arrêté seul. Sûrement une dette à payer pour le disque que nous lui avons offert pour noël et dont elle ne se sent pas digne",2025-12-31,362060.0,88.9,87.5,Gibbeuse Croissante,Taureau,0.9833,1.3734,1.7098,2.4111,4.2441,9.7065,Soleil,Mercure,Vénus,0.9833,1.3734,1.7098,False,False,False,False,True,Jupiter,1.71,3.33,Légèrement actif,10.8,-1.9,0.0,9.1,995.2,3,False,3,Ombre,171,127,6,1,0,1,7,0.9833,Élevé (150-200),Élevé (100-150)
05/01/2026,Akbal,Bolon,Akbal Bolon,#FFFF99,"Je remets la main avec Galiléo sur ma nouvelle date de naissance en tzolkin, à la sortie de ma retraite. Il s'agit du 9 octobre. Donc 9 octobre 1974 soit 13 Manik. Le même glyphe que Galiléo, mais le 13, le dernier. Ainsi Galaad est né le 09 octobre 1974 à 07h07 et ce qui est dingue, c'est que nous réalisons cela cette semaine où nous sommes dans la trécéna de Men, l'aigle, la trécéna de ma naissance !!! On aura donc le 13 Manik dans quelques jours.",2026-01-05,370575.0,72.0,94.3,Gibbeuse Croissante,Lion,0.9833,1.4058,1.7108,2.407,4.2341,9.786,Soleil,Mercure,Vénus,0.9833,1.4058,1.7108,False,False,False,False,True,Jupiter,2.38,4.33,Actif,3.7,-3.5,0.0,11.9,984.7,3,False,5,Soi,154,91,6,0,0,0,6,0.9833,Élevé (150-200),Modéré (50-100)
06/01/2026,Kan,Lahun,Kan Lahun,#FFFF99,"Nous sommes allés célébrer la source Sarah, avec un nouveau chant que je composé en ce moment et des pierres. Comme je n'en avais pas acheté, j'ai aussi offert la noire que je porte en poche depuis six mois. Il y avait Rose, Mathieu, Galiléo, Oc, Claire et moi. Le soir j'ai pris une douche froide avec l'eau de Sarah et j'ai récupéré une semaine de plus de travail la semaine prochaine.",2026-01-06,376230.0,60.7,88.0,Gibbeuse Croissante,Lion,0.9833,1.4107,1.7109,2.4062,4.233,9.8017,Soleil,Mercure,Vénus,0.9833,1.4107,1.7109,False,False,False,False,True,Jupiter,0.96,2.33,Légèrement actif,3.7,-4.2,0.0,22.3,985.6,3,False,4,Soi,145,99,10,0,0,0,10,0.9833,Modéré (120-150),Modéré (50-100)
09/01/2026,Manik,Oxlahun,Manik Oxlahun,#CCFFCC,"Premier tzolkinversaire conscient de ma sortie de retraite où je suis devenu Galaad et ai pris comme date de naissance le 09 octobre 1974 à 07:07, jour Manik 13. J'ai mis à jour l'application pour préserver les notes des disparitions indues. Le bois est fait. Prêt pour partir presque deux mois à Paris.",2026-01-09,393779.0,25.7,61.7,Gibbeuse Croissante,Balance,0.9834,1.4221,1.7109,2.4034,4.2317,9.8481,Soleil,Mercure,Vénus,0.9834,1.4221,1.7109,False,False,False,False,True,Jupiter,2.42,3.33,Légèrement actif,10.9,4.6,1.6,27.2,987.6,53,False,3,Soi,117,80,4,0,0,0,4,0.9834,Faible (<120),Modéré (50-100)
12/01/2026,Oc,Ox,Oc Ox,#FFFF99,Arrivé à la bourre de trois heures pour cette première journée de travail de l'année. 😱Malgré tout la journée était top. Bonne reprise avec Philémon Dubois.,2026-01-12,404236.0,4.9,33.1,Croissant Croissant,Scorpion,0.9835,1.4287,1.7106,2.4006,4.2332,9.8936,Soleil,Mercure,Vénus,0.9835,1.4287,1.7106,False,False,False,False,True,Jupiter,3.04,4.33,Actif,11.4,-2.0,0.1,11.3,1000.0,51,False,3,Persona,113,52,2,0,0,0,2,0.9835,Faible (<120),Modéré (50-100)
13/01/2026,Chuen,Can,Chuen Can,#CCFFCC,"Nouvelle mise a jour pour corriger le bug qui a avalé toutes les notes de Claire. Espérons que ça marche maintenant. Fatigué... Deuxième soir où je me couche avant minuit. J'ai trop mangé. Mon bridge branle ce soir. Espérons que ce soit juste passagé... A suivre. Rose nous a envoyé sa vidéo et c'est mieux que la première version. Elise a écouté ""Qui es-tu oiseau ?"" Chantée par Rose et elle dit que ça l'a beaucoup émue.",2026-01-13,405309.0,2.8,24.6,Croissant Croissant,Scorpion,0.9836,1.4298,1.7104,2.3996,4.2344,9.9085,Soleil,Mercure,Vénus,0.9836,1.4298,1.7104,False,False,False,False,True,Jupiter,1.92,3.33,Légèrement actif,13.4,8.6,0.3,20.1,997.8,51,False,1,Corps,117,49,6,0,0,0,6,0.9836,Faible (<120),Faible (<50)
19/01/2026,Caban,Lahun,Caban Lahun,#CCFFCC,Aujourd'hui 13e anniversaire depuis la conception de Galiléo qui était tellement hors norme et précise que j'ai pu le noter au jour près. En même temps jour de fin du cycle CABAN de Claire. A Paris avec Thylacine à la Maison de la Radio. Je devrai recevoir cette aprem ma nouvelle carte son et un nouveau micro pour l'enregistrement du morceau de Rose. Compréhension plus profonde du fait que tout ce qui m'entoure est moi. Donc prendre le temps de comprendre et d'accueillir ces êtres qui m'énervent comme ma mère qui était là quelques jours et repart ce matin.,2026-01-19,393362.0,26.6,0.4,Nouvelle Lune,Verseau,0.984,1.4246,1.7085,2.3934,4.248,9.9955,Soleil,Mercure,Vénus,0.984,1.4246,1.7085,False,False,False,False,True,Jupiter,3.33,8.67,Tempête sévère (G4),13.0,9.0,1.3,28.9,994.3,51,False,3,Soi,173,162,6,1,0,1,7,0.984,Élevé (150-200),Très élevé (>150)
24/01/2026,Ik,Ca,Ik Ca,#FFFF99,Corrigé l'App pour pouvoir modifier les messages. Fais le morceau de Peter Pan qui est proche de la fin pour Rose. Elle a fini sa vidéo pour la StarAc,2026-01-24,377022.0,59.1,31.0,Croissant Croissant,Bélier,0.9844,1.4036,1.7058,2.3878,4.2679,10.064,Soleil,Mercure,Vénus,0.9844,1.4036,1.7058,False,False,False,False,True,Jupiter,2.96,4.33,Actif,10.9,5.1,8.6,21.3,975.0,63,False,3,Anima,174,147,5,0,0,0,5,0.9844,Élevé (150-200),Élevé (100-150)
25/01/2026,Akbal,Ox,Akbal Ox,#99CCFF,J'espère que l'App marche. J'ai l'impression qu'elle ne vide plus la page ici à deux heures du matin pour le nouveau jour. A tester. Je vais aller me coucher et on verra demain soir ce qu'il en est. Après le raps du soir diarrhée. Couché 23:30,2026-01-25,374006.0,65.1,41.7,Croissant Croissant,Bélier,0.9845,1.3973,1.7051,2.3866,4.2728,10.0772,Soleil,Mercure,Vénus,0.9845,1.3973,1.7051,False,False,False,False,True,Jupiter,2.87,3.33,Légèrement actif,9.9,1.6,0.9,14.8,977.3,51,False,-1,Corps,165,131,11,0,0,0,11,0.9845,Élevé (150-200),Élevé (100-150)
26/01/2026,Kan,Can,Kan Can,#99CCFF,"Mal au ventre (diarrhée cette aprem) encore aujourd'hui. Bon film ce soir A Battle after another de P.T Anderson. Fatigué aujourd'hui... Réveillé dans la nuit vers deux heures et du mal à me rendormir derrière.
Plusieurs signes pour la reconversion en programmation... Je laisse venir.",2026-01-26,371218.0,70.7,52.9,Gibbeuse Croissante,Taureau,0.9846,1.3903,1.7044,2.3854,4.278,10.0903,Soleil,Mercure,Vénus,0.9846,1.3903,1.7044,False,False,False,False,True,Jupiter,2.29,3.33,Légèrement actif,10.1,2.2,0.0,21.5,980.5,3,False,-1,Soi,153,115,5,0,0,0,5,0.9846,Élevé (150-200),Élevé (100-150)
28/01/2026,Cimi,Wak,Cimi Wak,#CCFFCC,"Belle journée. Accompagnée. Je crois que je vais faire cette formation de développeur python et ia. On est au collège des bernardins. Dans mon premier quartier. Juste à côté de Notre Dame pour un petit concert avec le CNSM.
J'ai commencé la formation harvard sur Python. Je crois que la transition est lancée. J'en ai parlé avec Claire et cela fait sens dans la vie. Comme un appel. Galaad arrive",2026-01-28,366997.0,79.1,75.0,Gibbeuse Croissante,Gémeaux,0.9848,1.3741,1.7029,2.3831,4.2893,10.1159,Soleil,Mercure,Vénus,0.9848,1.3741,1.7029,False,False,False,False,True,Jupiter,3.62,5.0,Tempête mineure (G1),10.6,4.1,3.8,21.5,970.5,61,False,4,Soi,133,135,2,0,0,0,2,0.9848,Modéré (120-150),Élevé (100-150)
29/01/2026,Manik,Uuc,Manik Uuc,#FFFF99,"Quand je modifie le message puisque j'ai passé la soirée à coder, j'ai donc fini là vers 01:00, je découvre que c'est un de mes jours Galaad. Enorme !!!! 7 MANIK donc l'entrée dans le faire !!!",2026-01-29,366009.0,81.1,84.4,Gibbeuse Croissante,Gémeaux,0.985,1.3648,1.702,2.3819,4.2954,10.1285,Soleil,Mercure,Vénus,0.985,1.3648,1.702,False,False,False,False,True,Jupiter,3.5,4.33,Actif,10.3,3.0,0.0,18.6,977.0,3,False,5,Soi,129,117,3,0,0,0,3,0.985,Modéré (120-150),Élevé (100-150)
02/02/2026,Chuen,Buluc,Chuen Buluc,#CCFFCC,Sortie massive de files sur Epstein et ceux qui étaient avec lui. Un jour important. Pour moi une journée au CNSM et depuis hier soir un abonnement à Claude.,2026-02-02,373466.0,66.2,99.6,Pleine Lune,Lion,0.9855,1.3188,1.6984,2.377,4.3226,10.1769,Soleil,Mercure,Vénus,0.9855,1.3188,1.6984,False,False,False,False,True,Jupiter,1.29,2.67,Légèrement actif,11.8,3.6,3.4,27.2,980.6,55,False,2,Persona,174,131,1,15,2,17,18,0.9855,Élevé (150-200),Élevé (100-150)
03/02/2026,Eb,Lahca,Eb Lahca,#CCFFCC,"Nuit compliquée. Peu dormi. Impossible de s'endormir. Peur de ne pas me réveiller comme le premier jour de l'année. Aujourd'hui à la Radio pour Présences jusqu'à samedi. La transformation de l'App en app autonome sur Android est compliquée. J'ai donc achetée ma première API sur Kimi 2.5.
Clawdbot openclawd installé et j'ai commencé à le former. C'est complètement dingue. Du coup pas mangé ce soir et il est une heure et je ne suis pas encore couché. J'y vais !!!",2026-02-03,378016.0,57.1,97.1,Pleine Lune,Vierge,0.9856,1.305,1.6973,2.3757,4.3301,10.1886,Soleil,Mercure,Vénus,0.9856,1.305,1.6973,False,False,False,False,True,Jupiter,1.21,2.0,Légèrement actif,13.3,6.2,9.6,28.6,979.1,63,False,0,Ombre,178,171,5,11,1,12,17,0.9856,Élevé (150-200),Très élevé (>150)
05/02/2026,Ix,Hun,Ix Hun,#FFFF99,"Epuisé mais superbe séance d'écriture assisté par Claude IA. Ça fuse et c'est hyper motivant. Par contre OpenClaw me déçoit pour l'instant. C'est bien mais pas au niveau de Claude et ça n'est pas évident de le liee avec d'autres choses. Je suis quand même content parce que j'ai installé une instance pour Claire et que sa dimension mémorielle va lui servir, elle qui ne connait pas ça.
Elle va encore rendre service à quelqu'un dans le besoin, sa cousine. Elle m'assure que ce coup ci elle gère, mais je m'inquiète du fait que ça ressemble a un pattern connu qui finit toujours mal.",2026-02-05,388409.0,36.4,85.9,Gibbeuse Croissante,Balance,0.986,1.2742,1.6952,2.3732,4.3459,10.2113,Soleil,Mercure,Vénus,0.986,1.2742,1.6952,False,False,False,False,True,Jupiter,3.08,5.33,Tempête mineure (G1),13.4,3.9,22.9,24.7,969.6,63,False,4,Puer,176,139,13,9,0,9,22,0.986,Élevé (150-200),Élevé (100-150)
10/02/2026,Cauac,Wak,Cauac Wak,#FFFF99,Grande énergie aujourd'hui !!! Plein d'entrain. J'ai avancé sur l'écriture de Léo le lion blanc et fais ma semaine de code. Openclaw m'obsède et j'essaye de voir lequel entre Claude et lui qui tourne avec Deepseek s'en sortira le mieux pour m'accompagner dans l'écriture. J'ai bossé avec l'ONF aujourd'hui avec beaucoup de joie. Cela faisait longtemps que je ''avais pas travaillé avec eux. Normalement aujourd'hui c'était le jugement pour savoir si Hélia devient Ferran ou pas. Belle discussion avec elle ce soir en rentrant du boulot.TEMPETE AU PARÉDÉ avec Eclairs qui sont tombés sur la maison : Cauac en puissance,2026-02-10,404498.0,4.4,41.2,Croissant Croissant,Sagittaire,0.9868,1.1786,1.6891,2.3668,4.3901,10.2648,Soleil,Mercure,Vénus,0.9868,1.1786,1.6891,False,False,False,False,True,Jupiter,1.88,4.33,Actif,12.6,5.3,12.1,14.5,982.7,61,False,4,Héros,142,105,8,1,0,1,9,0.9868,Modéré (120-150),Élevé (100-150)
18/02/2026,Manik,Hun,Manik Hun,#FFFF99,"Retour de Claire. Magnifique l'amour que nous faisons ensemble. Réveillé à 5:00 du matin. Avec la prise de conscience qu'il faut traiter les bébés comme des anges, des dieux. Les vouvoyer. Les reconnaître. Et la beauté du nom Grand Père et Grand Mère. On y pense pas. On l'a laissé être désacralisé et pourtant. Quelle beauté !",2026-02-18,380958.0,51.3,1.0,Nouvelle Lune,Poissons,0.9884,0.9743,1.6772,2.3561,4.4734,10.3394,Mercure,Soleil,Vénus,0.9743,0.9884,1.6772,False,False,False,False,True,Jupiter,2.21,3.33,Légèrement actif,13.1,3.2,0.2,18.7,991.0,51,False,5,Soi,119,43,2,0,0,0,2,0.9884,Faible (<120),Faible (<50)
25/02/2026,Ix,Waxak,Ix Waxak,#FFFF99,"Nouvelle version qui ne devrait plus supprimer la note du jour quand je corrige. Je finis ma session parisienne, après un mois et demi. Fatigué, mais heureux.",2026-02-25,370229.0,72.7,60.7,Gibbeuse Croissante,Gémeaux,0.9899,0.7842,1.6645,2.3463,4.5576,10.393,Mercure,Soleil,Vénus,0.7842,0.9899,1.6645,False,False,False,False,True,Jupiter,2.73,3.67,Légèrement actif,17.4,6.9,0.0,9.2,1000.7,3,False,3,Soi,120,16,0,0,0,0,0,0.9899,Faible (<120),Faible (<50)
